city,gis_feature,rows,feature_dim,path
Albany,elev_mean,251,65,E:\3S\code\MLP_input\Albany\Albany__AEF64_plus_elev_mean.csv
Albany,slope_mean,251,65,E:\3S\code\MLP_input\Albany\Albany__AEF64_plus_slope_mean.csv
Albany,ndvi_mean,251,65,E:\3S\code\MLP_input\Albany\Albany__AEF64_plus_ndvi_mean.csv
Albany,water_pct,251,65,E:\3S\code\MLP_input\Albany\Albany__AEF64_plus_water_pct.csv
Albany,developed_pct,251,65,E:\3S\code\MLP_input\Albany\Albany__AEF64_plus_developed_pct.csv
Albany,barren_pct,251,65,E:\3S\code\MLP_input\Albany\Albany__AEF64_plus_barren_pct.csv
Albany,forest_pct,251,65,E:\3S\code\MLP_input\Albany\Albany__AEF64_plus_forest_pct.csv
Albany,grassland_pct,251,65,E:\3S\code\MLP_input\Albany\Albany__AEF64_plus_grassland_pct.csv
Albany,pasture_hay_pct,251,65,E:\3S\code\MLP_input\Albany\Albany__AEF64_plus_pasture_hay_pct.csv
Albany,cultivated_crops_pct,251,65,E:\3S\code\MLP_input\Albany\Albany__AEF64_plus_cultivated_crops_pct.csv
Albany,woody_wetlands_pct,251,65,E:\3S\code\MLP_input\Albany\Albany__AEF64_plus_woody_wetlands_pct.csv
Albany,herbaceous_wetlands_pct,251,65,E:\3S\code\MLP_input\Albany\Albany__AEF64_plus_herbaceous_wetlands_pct.csv
Albany,poi_edu,251,65,E:\3S\code\MLP_input\Albany\Albany__AEF64_plus_poi_edu.csv
Albany,poi_comm,251,65,E:\3S\code\MLP_input\Albany\Albany__AEF64_plus_poi_comm.csv
Albany,poi_med,251,65,E:\3S\code\MLP_input\Albany\Albany__AEF64_plus_poi_med.csv
Albany,poi_trans,251,65,E:\3S\code\MLP_input\Albany\Albany__AEF64_plus_poi_trans.csv
Albany,poi_pub,251,65,E:\3S\code\MLP_input\Albany\Albany__AEF64_plus_poi_pub.csv
Albany,poi_food,251,65,E:\3S\code\MLP_input\Albany\Albany__AEF64_plus_poi_food.csv
Albany,poi_finance,251,65,E:\3S\code\MLP_input\Albany\Albany__AEF64_plus_poi_finance.csv
Albany,poi_diversity,251,65,E:\3S\code\MLP_input\Albany\Albany__AEF64_plus_poi_diversity.csv
Albany,minor_ratio,251,65,E:\3S\code\MLP_input\Albany\Albany__AEF64_plus_minor_ratio.csv
Albany,elderly_ratio,251,65,E:\3S\code\MLP_input\Albany\Albany__AEF64_plus_elderly_ratio.csv
Albany,sex_ratio,251,65,E:\3S\code\MLP_input\Albany\Albany__AEF64_plus_sex_ratio.csv
Albany,fam_inc_lt10k,251,65,E:\3S\code\MLP_input\Albany\Albany__AEF64_plus_fam_inc_lt10k.csv
Albany,fam_inc_10to15k,251,65,E:\3S\code\MLP_input\Albany\Albany__AEF64_plus_fam_inc_10to15k.csv
Albany,fam_inc_15to25k,251,65,E:\3S\code\MLP_input\Albany\Albany__AEF64_plus_fam_inc_15to25k.csv
Albany,fam_inc_25to50k,251,65,E:\3S\code\MLP_input\Albany\Albany__AEF64_plus_fam_inc_25to50k.csv
Albany,fam_inc_50kplus,251,65,E:\3S\code\MLP_input\Albany\Albany__AEF64_plus_fam_inc_50kplus.csv
Albany,median_family_income,243,65,E:\3S\code\MLP_input\Albany\Albany__AEF64_plus_median_family_income.csv
Albany,persons_below_poverty,251,65,E:\3S\code\MLP_input\Albany\Albany__AEF64_plus_persons_below_poverty.csv
Albany,dist_water_m,251,65,E:\3S\code\MLP_input\Albany\Albany__AEF64_plus_dist_water_m.csv
Atlanta,elev_mean,1500,65,E:\3S\code\MLP_input\Atlanta\Atlanta__AEF64_plus_elev_mean.csv
Atlanta,slope_mean,1500,65,E:\3S\code\MLP_input\Atlanta\Atlanta__AEF64_plus_slope_mean.csv
Atlanta,ndvi_mean,1500,65,E:\3S\code\MLP_input\Atlanta\Atlanta__AEF64_plus_ndvi_mean.csv
Atlanta,water_pct,1500,65,E:\3S\code\MLP_input\Atlanta\Atlanta__AEF64_plus_water_pct.csv
Atlanta,developed_pct,1500,65,E:\3S\code\MLP_input\Atlanta\Atlanta__AEF64_plus_developed_pct.csv
Atlanta,barren_pct,1500,65,E:\3S\code\MLP_input\Atlanta\Atlanta__AEF64_plus_barren_pct.csv
Atlanta,forest_pct,1500,65,E:\3S\code\MLP_input\Atlanta\Atlanta__AEF64_plus_forest_pct.csv
Atlanta,grassland_pct,1500,65,E:\3S\code\MLP_input\Atlanta\Atlanta__AEF64_plus_grassland_pct.csv
Atlanta,pasture_hay_pct,1500,65,E:\3S\code\MLP_input\Atlanta\Atlanta__AEF64_plus_pasture_hay_pct.csv
Atlanta,cultivated_crops_pct,1500,65,E:\3S\code\MLP_input\Atlanta\Atlanta__AEF64_plus_cultivated_crops_pct.csv
Atlanta,woody_wetlands_pct,1500,65,E:\3S\code\MLP_input\Atlanta\Atlanta__AEF64_plus_woody_wetlands_pct.csv
Atlanta,herbaceous_wetlands_pct,1500,65,E:\3S\code\MLP_input\Atlanta\Atlanta__AEF64_plus_herbaceous_wetlands_pct.csv
Atlanta,poi_edu,1500,65,E:\3S\code\MLP_input\Atlanta\Atlanta__AEF64_plus_poi_edu.csv
Atlanta,poi_comm,1500,65,E:\3S\code\MLP_input\Atlanta\Atlanta__AEF64_plus_poi_comm.csv
Atlanta,poi_med,1500,65,E:\3S\code\MLP_input\Atlanta\Atlanta__AEF64_plus_poi_med.csv
Atlanta,poi_trans,1500,65,E:\3S\code\MLP_input\Atlanta\Atlanta__AEF64_plus_poi_trans.csv
Atlanta,poi_pub,1500,65,E:\3S\code\MLP_input\Atlanta\Atlanta__AEF64_plus_poi_pub.csv
Atlanta,poi_food,1500,65,E:\3S\code\MLP_input\Atlanta\Atlanta__AEF64_plus_poi_food.csv
Atlanta,poi_finance,1500,65,E:\3S\code\MLP_input\Atlanta\Atlanta__AEF64_plus_poi_finance.csv
Atlanta,poi_diversity,1500,65,E:\3S\code\MLP_input\Atlanta\Atlanta__AEF64_plus_poi_diversity.csv
Atlanta,minor_ratio,1497,65,E:\3S\code\MLP_input\Atlanta\Atlanta__AEF64_plus_minor_ratio.csv
Atlanta,elderly_ratio,1497,65,E:\3S\code\MLP_input\Atlanta\Atlanta__AEF64_plus_elderly_ratio.csv
Atlanta,sex_ratio,1496,65,E:\3S\code\MLP_input\Atlanta\Atlanta__AEF64_plus_sex_ratio.csv
Atlanta,fam_inc_lt10k,1500,65,E:\3S\code\MLP_input\Atlanta\Atlanta__AEF64_plus_fam_inc_lt10k.csv
Atlanta,fam_inc_10to15k,1500,65,E:\3S\code\MLP_input\Atlanta\Atlanta__AEF64_plus_fam_inc_10to15k.csv
Atlanta,fam_inc_15to25k,1500,65,E:\3S\code\MLP_input\Atlanta\Atlanta__AEF64_plus_fam_inc_15to25k.csv
Atlanta,fam_inc_25to50k,1500,65,E:\3S\code\MLP_input\Atlanta\Atlanta__AEF64_plus_fam_inc_25to50k.csv
Atlanta,fam_inc_50kplus,1500,65,E:\3S\code\MLP_input\Atlanta\Atlanta__AEF64_plus_fam_inc_50kplus.csv
Atlanta,median_family_income,1446,65,E:\3S\code\MLP_input\Atlanta\Atlanta__AEF64_plus_median_family_income.csv
Atlanta,persons_below_poverty,1500,65,E:\3S\code\MLP_input\Atlanta\Atlanta__AEF64_plus_persons_below_poverty.csv
Atlanta,dist_water_m,1500,65,E:\3S\code\MLP_input\Atlanta\Atlanta__AEF64_plus_dist_water_m.csv
Baton,elev_mean,215,65,E:\3S\code\MLP_input\Baton\Baton__AEF64_plus_elev_mean.csv
Baton,slope_mean,215,65,E:\3S\code\MLP_input\Baton\Baton__AEF64_plus_slope_mean.csv
Baton,ndvi_mean,215,65,E:\3S\code\MLP_input\Baton\Baton__AEF64_plus_ndvi_mean.csv
Baton,water_pct,215,65,E:\3S\code\MLP_input\Baton\Baton__AEF64_plus_water_pct.csv
Baton,developed_pct,215,65,E:\3S\code\MLP_input\Baton\Baton__AEF64_plus_developed_pct.csv
Baton,barren_pct,215,65,E:\3S\code\MLP_input\Baton\Baton__AEF64_plus_barren_pct.csv
Baton,forest_pct,215,65,E:\3S\code\MLP_input\Baton\Baton__AEF64_plus_forest_pct.csv
Baton,grassland_pct,215,65,E:\3S\code\MLP_input\Baton\Baton__AEF64_plus_grassland_pct.csv
Baton,pasture_hay_pct,215,65,E:\3S\code\MLP_input\Baton\Baton__AEF64_plus_pasture_hay_pct.csv
Baton,cultivated_crops_pct,215,65,E:\3S\code\MLP_input\Baton\Baton__AEF64_plus_cultivated_crops_pct.csv
Baton,woody_wetlands_pct,215,65,E:\3S\code\MLP_input\Baton\Baton__AEF64_plus_woody_wetlands_pct.csv
Baton,herbaceous_wetlands_pct,215,65,E:\3S\code\MLP_input\Baton\Baton__AEF64_plus_herbaceous_wetlands_pct.csv
Baton,poi_edu,215,65,E:\3S\code\MLP_input\Baton\Baton__AEF64_plus_poi_edu.csv
Baton,poi_comm,215,65,E:\3S\code\MLP_input\Baton\Baton__AEF64_plus_poi_comm.csv
Baton,poi_med,215,65,E:\3S\code\MLP_input\Baton\Baton__AEF64_plus_poi_med.csv
Baton,poi_trans,215,65,E:\3S\code\MLP_input\Baton\Baton__AEF64_plus_poi_trans.csv
Baton,poi_pub,215,65,E:\3S\code\MLP_input\Baton\Baton__AEF64_plus_poi_pub.csv
Baton,poi_food,215,65,E:\3S\code\MLP_input\Baton\Baton__AEF64_plus_poi_food.csv
Baton,poi_finance,215,65,E:\3S\code\MLP_input\Baton\Baton__AEF64_plus_poi_finance.csv
Baton,poi_diversity,215,65,E:\3S\code\MLP_input\Baton\Baton__AEF64_plus_poi_diversity.csv
Baton,minor_ratio,213,65,E:\3S\code\MLP_input\Baton\Baton__AEF64_plus_minor_ratio.csv
Baton,elderly_ratio,213,65,E:\3S\code\MLP_input\Baton\Baton__AEF64_plus_elderly_ratio.csv
Baton,sex_ratio,213,65,E:\3S\code\MLP_input\Baton\Baton__AEF64_plus_sex_ratio.csv
Baton,fam_inc_lt10k,215,65,E:\3S\code\MLP_input\Baton\Baton__AEF64_plus_fam_inc_lt10k.csv
Baton,fam_inc_10to15k,215,65,E:\3S\code\MLP_input\Baton\Baton__AEF64_plus_fam_inc_10to15k.csv
Baton,fam_inc_15to25k,215,65,E:\3S\code\MLP_input\Baton\Baton__AEF64_plus_fam_inc_15to25k.csv
Baton,fam_inc_25to50k,215,65,E:\3S\code\MLP_input\Baton\Baton__AEF64_plus_fam_inc_25to50k.csv
Baton,fam_inc_50kplus,215,65,E:\3S\code\MLP_input\Baton\Baton__AEF64_plus_fam_inc_50kplus.csv
Baton,median_family_income,206,65,E:\3S\code\MLP_input\Baton\Baton__AEF64_plus_median_family_income.csv
Baton,persons_below_poverty,215,65,E:\3S\code\MLP_input\Baton\Baton__AEF64_plus_persons_below_poverty.csv
Baton,dist_water_m,215,65,E:\3S\code\MLP_input\Baton\Baton__AEF64_plus_dist_water_m.csv
Bridgeport,elev_mean,241,65,E:\3S\code\MLP_input\Bridgeport\Bridgeport__AEF64_plus_elev_mean.csv
Bridgeport,slope_mean,241,65,E:\3S\code\MLP_input\Bridgeport\Bridgeport__AEF64_plus_slope_mean.csv
Bridgeport,ndvi_mean,241,65,E:\3S\code\MLP_input\Bridgeport\Bridgeport__AEF64_plus_ndvi_mean.csv
Bridgeport,water_pct,241,65,E:\3S\code\MLP_input\Bridgeport\Bridgeport__AEF64_plus_water_pct.csv
Bridgeport,developed_pct,241,65,E:\3S\code\MLP_input\Bridgeport\Bridgeport__AEF64_plus_developed_pct.csv
Bridgeport,barren_pct,241,65,E:\3S\code\MLP_input\Bridgeport\Bridgeport__AEF64_plus_barren_pct.csv
Bridgeport,forest_pct,241,65,E:\3S\code\MLP_input\Bridgeport\Bridgeport__AEF64_plus_forest_pct.csv
Bridgeport,grassland_pct,241,65,E:\3S\code\MLP_input\Bridgeport\Bridgeport__AEF64_plus_grassland_pct.csv
Bridgeport,pasture_hay_pct,241,65,E:\3S\code\MLP_input\Bridgeport\Bridgeport__AEF64_plus_pasture_hay_pct.csv
Bridgeport,cultivated_crops_pct,241,65,E:\3S\code\MLP_input\Bridgeport\Bridgeport__AEF64_plus_cultivated_crops_pct.csv
Bridgeport,woody_wetlands_pct,241,65,E:\3S\code\MLP_input\Bridgeport\Bridgeport__AEF64_plus_woody_wetlands_pct.csv
Bridgeport,herbaceous_wetlands_pct,241,65,E:\3S\code\MLP_input\Bridgeport\Bridgeport__AEF64_plus_herbaceous_wetlands_pct.csv
Bridgeport,poi_edu,241,65,E:\3S\code\MLP_input\Bridgeport\Bridgeport__AEF64_plus_poi_edu.csv
Bridgeport,poi_comm,241,65,E:\3S\code\MLP_input\Bridgeport\Bridgeport__AEF64_plus_poi_comm.csv
Bridgeport,poi_med,241,65,E:\3S\code\MLP_input\Bridgeport\Bridgeport__AEF64_plus_poi_med.csv
Bridgeport,poi_trans,241,65,E:\3S\code\MLP_input\Bridgeport\Bridgeport__AEF64_plus_poi_trans.csv
Bridgeport,poi_pub,241,65,E:\3S\code\MLP_input\Bridgeport\Bridgeport__AEF64_plus_poi_pub.csv
Bridgeport,poi_food,241,65,E:\3S\code\MLP_input\Bridgeport\Bridgeport__AEF64_plus_poi_food.csv
Bridgeport,poi_finance,241,65,E:\3S\code\MLP_input\Bridgeport\Bridgeport__AEF64_plus_poi_finance.csv
Bridgeport,poi_diversity,241,65,E:\3S\code\MLP_input\Bridgeport\Bridgeport__AEF64_plus_poi_diversity.csv
Bridgeport,minor_ratio,241,65,E:\3S\code\MLP_input\Bridgeport\Bridgeport__AEF64_plus_minor_ratio.csv
Bridgeport,elderly_ratio,241,65,E:\3S\code\MLP_input\Bridgeport\Bridgeport__AEF64_plus_elderly_ratio.csv
Bridgeport,sex_ratio,241,65,E:\3S\code\MLP_input\Bridgeport\Bridgeport__AEF64_plus_sex_ratio.csv
Bridgeport,fam_inc_lt10k,241,65,E:\3S\code\MLP_input\Bridgeport\Bridgeport__AEF64_plus_fam_inc_lt10k.csv
Bridgeport,fam_inc_10to15k,241,65,E:\3S\code\MLP_input\Bridgeport\Bridgeport__AEF64_plus_fam_inc_10to15k.csv
Bridgeport,fam_inc_15to25k,241,65,E:\3S\code\MLP_input\Bridgeport\Bridgeport__AEF64_plus_fam_inc_15to25k.csv
Bridgeport,fam_inc_25to50k,241,65,E:\3S\code\MLP_input\Bridgeport\Bridgeport__AEF64_plus_fam_inc_25to50k.csv
Bridgeport,fam_inc_50kplus,241,65,E:\3S\code\MLP_input\Bridgeport\Bridgeport__AEF64_plus_fam_inc_50kplus.csv
Bridgeport,median_family_income,240,65,E:\3S\code\MLP_input\Bridgeport\Bridgeport__AEF64_plus_median_family_income.csv
Bridgeport,persons_below_poverty,241,65,E:\3S\code\MLP_input\Bridgeport\Bridgeport__AEF64_plus_persons_below_poverty.csv
Bridgeport,dist_water_m,241,65,E:\3S\code\MLP_input\Bridgeport\Bridgeport__AEF64_plus_dist_water_m.csv
Chicago,elev_mean,2330,65,E:\3S\code\MLP_input\Chicago\Chicago__AEF64_plus_elev_mean.csv
Chicago,slope_mean,2330,65,E:\3S\code\MLP_input\Chicago\Chicago__AEF64_plus_slope_mean.csv
Chicago,ndvi_mean,2330,65,E:\3S\code\MLP_input\Chicago\Chicago__AEF64_plus_ndvi_mean.csv
Chicago,water_pct,2330,65,E:\3S\code\MLP_input\Chicago\Chicago__AEF64_plus_water_pct.csv
Chicago,developed_pct,2330,65,E:\3S\code\MLP_input\Chicago\Chicago__AEF64_plus_developed_pct.csv
Chicago,barren_pct,2330,65,E:\3S\code\MLP_input\Chicago\Chicago__AEF64_plus_barren_pct.csv
Chicago,forest_pct,2330,65,E:\3S\code\MLP_input\Chicago\Chicago__AEF64_plus_forest_pct.csv
Chicago,grassland_pct,2330,65,E:\3S\code\MLP_input\Chicago\Chicago__AEF64_plus_grassland_pct.csv
Chicago,pasture_hay_pct,2330,65,E:\3S\code\MLP_input\Chicago\Chicago__AEF64_plus_pasture_hay_pct.csv
Chicago,cultivated_crops_pct,2330,65,E:\3S\code\MLP_input\Chicago\Chicago__AEF64_plus_cultivated_crops_pct.csv
Chicago,woody_wetlands_pct,2330,65,E:\3S\code\MLP_input\Chicago\Chicago__AEF64_plus_woody_wetlands_pct.csv
Chicago,herbaceous_wetlands_pct,2330,65,E:\3S\code\MLP_input\Chicago\Chicago__AEF64_plus_herbaceous_wetlands_pct.csv
Chicago,poi_edu,2330,65,E:\3S\code\MLP_input\Chicago\Chicago__AEF64_plus_poi_edu.csv
Chicago,poi_comm,2330,65,E:\3S\code\MLP_input\Chicago\Chicago__AEF64_plus_poi_comm.csv
Chicago,poi_med,2330,65,E:\3S\code\MLP_input\Chicago\Chicago__AEF64_plus_poi_med.csv
Chicago,poi_trans,2330,65,E:\3S\code\MLP_input\Chicago\Chicago__AEF64_plus_poi_trans.csv
Chicago,poi_pub,2330,65,E:\3S\code\MLP_input\Chicago\Chicago__AEF64_plus_poi_pub.csv
Chicago,poi_food,2330,65,E:\3S\code\MLP_input\Chicago\Chicago__AEF64_plus_poi_food.csv
Chicago,poi_finance,2330,65,E:\3S\code\MLP_input\Chicago\Chicago__AEF64_plus_poi_finance.csv
Chicago,poi_diversity,2330,65,E:\3S\code\MLP_input\Chicago\Chicago__AEF64_plus_poi_diversity.csv
Chicago,minor_ratio,2323,65,E:\3S\code\MLP_input\Chicago\Chicago__AEF64_plus_minor_ratio.csv
Chicago,elderly_ratio,2323,65,E:\3S\code\MLP_input\Chicago\Chicago__AEF64_plus_elderly_ratio.csv
Chicago,sex_ratio,2323,65,E:\3S\code\MLP_input\Chicago\Chicago__AEF64_plus_sex_ratio.csv
Chicago,fam_inc_lt10k,2330,65,E:\3S\code\MLP_input\Chicago\Chicago__AEF64_plus_fam_inc_lt10k.csv
Chicago,fam_inc_10to15k,2330,65,E:\3S\code\MLP_input\Chicago\Chicago__AEF64_plus_fam_inc_10to15k.csv
Chicago,fam_inc_15to25k,2330,65,E:\3S\code\MLP_input\Chicago\Chicago__AEF64_plus_fam_inc_15to25k.csv
Chicago,fam_inc_25to50k,2330,65,E:\3S\code\MLP_input\Chicago\Chicago__AEF64_plus_fam_inc_25to50k.csv
Chicago,fam_inc_50kplus,2330,65,E:\3S\code\MLP_input\Chicago\Chicago__AEF64_plus_fam_inc_50kplus.csv
Chicago,median_family_income,2299,65,E:\3S\code\MLP_input\Chicago\Chicago__AEF64_plus_median_family_income.csv
Chicago,persons_below_poverty,2330,65,E:\3S\code\MLP_input\Chicago\Chicago__AEF64_plus_persons_below_poverty.csv
Chicago,dist_water_m,2330,65,E:\3S\code\MLP_input\Chicago\Chicago__AEF64_plus_dist_water_m.csv
Duluth,elev_mean,101,65,E:\3S\code\MLP_input\Duluth\Duluth__AEF64_plus_elev_mean.csv
Duluth,slope_mean,101,65,E:\3S\code\MLP_input\Duluth\Duluth__AEF64_plus_slope_mean.csv
Duluth,ndvi_mean,101,65,E:\3S\code\MLP_input\Duluth\Duluth__AEF64_plus_ndvi_mean.csv
Duluth,water_pct,101,65,E:\3S\code\MLP_input\Duluth\Duluth__AEF64_plus_water_pct.csv
Duluth,developed_pct,101,65,E:\3S\code\MLP_input\Duluth\Duluth__AEF64_plus_developed_pct.csv
Duluth,barren_pct,101,65,E:\3S\code\MLP_input\Duluth\Duluth__AEF64_plus_barren_pct.csv
Duluth,forest_pct,101,65,E:\3S\code\MLP_input\Duluth\Duluth__AEF64_plus_forest_pct.csv
Duluth,grassland_pct,101,65,E:\3S\code\MLP_input\Duluth\Duluth__AEF64_plus_grassland_pct.csv
Duluth,pasture_hay_pct,101,65,E:\3S\code\MLP_input\Duluth\Duluth__AEF64_plus_pasture_hay_pct.csv
Duluth,cultivated_crops_pct,101,65,E:\3S\code\MLP_input\Duluth\Duluth__AEF64_plus_cultivated_crops_pct.csv
Duluth,woody_wetlands_pct,101,65,E:\3S\code\MLP_input\Duluth\Duluth__AEF64_plus_woody_wetlands_pct.csv
Duluth,herbaceous_wetlands_pct,101,65,E:\3S\code\MLP_input\Duluth\Duluth__AEF64_plus_herbaceous_wetlands_pct.csv
Duluth,poi_edu,101,65,E:\3S\code\MLP_input\Duluth\Duluth__AEF64_plus_poi_edu.csv
Duluth,poi_comm,101,65,E:\3S\code\MLP_input\Duluth\Duluth__AEF64_plus_poi_comm.csv
Duluth,poi_med,101,65,E:\3S\code\MLP_input\Duluth\Duluth__AEF64_plus_poi_med.csv
Duluth,poi_trans,101,65,E:\3S\code\MLP_input\Duluth\Duluth__AEF64_plus_poi_trans.csv
Duluth,poi_pub,101,65,E:\3S\code\MLP_input\Duluth\Duluth__AEF64_plus_poi_pub.csv
Duluth,poi_food,101,65,E:\3S\code\MLP_input\Duluth\Duluth__AEF64_plus_poi_food.csv
Duluth,poi_finance,101,65,E:\3S\code\MLP_input\Duluth\Duluth__AEF64_plus_poi_finance.csv
Duluth,poi_diversity,101,65,E:\3S\code\MLP_input\Duluth\Duluth__AEF64_plus_poi_diversity.csv
Duluth,minor_ratio,101,65,E:\3S\code\MLP_input\Duluth\Duluth__AEF64_plus_minor_ratio.csv
Duluth,elderly_ratio,101,65,E:\3S\code\MLP_input\Duluth\Duluth__AEF64_plus_elderly_ratio.csv
Duluth,sex_ratio,101,65,E:\3S\code\MLP_input\Duluth\Duluth__AEF64_plus_sex_ratio.csv
Duluth,fam_inc_lt10k,101,65,E:\3S\code\MLP_input\Duluth\Duluth__AEF64_plus_fam_inc_lt10k.csv
Duluth,fam_inc_10to15k,101,65,E:\3S\code\MLP_input\Duluth\Duluth__AEF64_plus_fam_inc_10to15k.csv
Duluth,fam_inc_15to25k,101,65,E:\3S\code\MLP_input\Duluth\Duluth__AEF64_plus_fam_inc_15to25k.csv
Duluth,fam_inc_25to50k,101,65,E:\3S\code\MLP_input\Duluth\Duluth__AEF64_plus_fam_inc_25to50k.csv
Duluth,fam_inc_50kplus,101,65,E:\3S\code\MLP_input\Duluth\Duluth__AEF64_plus_fam_inc_50kplus.csv
Duluth,median_family_income,99,65,E:\3S\code\MLP_input\Duluth\Duluth__AEF64_plus_median_family_income.csv
Duluth,persons_below_poverty,101,65,E:\3S\code\MLP_input\Duluth\Duluth__AEF64_plus_persons_below_poverty.csv
Duluth,dist_water_m,101,65,E:\3S\code\MLP_input\Duluth\Duluth__AEF64_plus_dist_water_m.csv
Fort_wayne,elev_mean,104,65,E:\3S\code\MLP_input\Fort_wayne\Fort_wayne__AEF64_plus_elev_mean.csv
Fort_wayne,slope_mean,104,65,E:\3S\code\MLP_input\Fort_wayne\Fort_wayne__AEF64_plus_slope_mean.csv
Fort_wayne,ndvi_mean,104,65,E:\3S\code\MLP_input\Fort_wayne\Fort_wayne__AEF64_plus_ndvi_mean.csv
Fort_wayne,water_pct,104,65,E:\3S\code\MLP_input\Fort_wayne\Fort_wayne__AEF64_plus_water_pct.csv
Fort_wayne,developed_pct,104,65,E:\3S\code\MLP_input\Fort_wayne\Fort_wayne__AEF64_plus_developed_pct.csv
Fort_wayne,barren_pct,104,65,E:\3S\code\MLP_input\Fort_wayne\Fort_wayne__AEF64_plus_barren_pct.csv
Fort_wayne,forest_pct,104,65,E:\3S\code\MLP_input\Fort_wayne\Fort_wayne__AEF64_plus_forest_pct.csv
Fort_wayne,grassland_pct,104,65,E:\3S\code\MLP_input\Fort_wayne\Fort_wayne__AEF64_plus_grassland_pct.csv
Fort_wayne,pasture_hay_pct,104,65,E:\3S\code\MLP_input\Fort_wayne\Fort_wayne__AEF64_plus_pasture_hay_pct.csv
Fort_wayne,cultivated_crops_pct,104,65,E:\3S\code\MLP_input\Fort_wayne\Fort_wayne__AEF64_plus_cultivated_crops_pct.csv
Fort_wayne,woody_wetlands_pct,104,65,E:\3S\code\MLP_input\Fort_wayne\Fort_wayne__AEF64_plus_woody_wetlands_pct.csv
Fort_wayne,herbaceous_wetlands_pct,104,65,E:\3S\code\MLP_input\Fort_wayne\Fort_wayne__AEF64_plus_herbaceous_wetlands_pct.csv
Fort_wayne,poi_edu,104,65,E:\3S\code\MLP_input\Fort_wayne\Fort_wayne__AEF64_plus_poi_edu.csv
Fort_wayne,poi_comm,104,65,E:\3S\code\MLP_input\Fort_wayne\Fort_wayne__AEF64_plus_poi_comm.csv
Fort_wayne,poi_med,104,65,E:\3S\code\MLP_input\Fort_wayne\Fort_wayne__AEF64_plus_poi_med.csv
Fort_wayne,poi_trans,104,65,E:\3S\code\MLP_input\Fort_wayne\Fort_wayne__AEF64_plus_poi_trans.csv
Fort_wayne,poi_pub,104,65,E:\3S\code\MLP_input\Fort_wayne\Fort_wayne__AEF64_plus_poi_pub.csv
Fort_wayne,poi_food,104,65,E:\3S\code\MLP_input\Fort_wayne\Fort_wayne__AEF64_plus_poi_food.csv
Fort_wayne,poi_finance,104,65,E:\3S\code\MLP_input\Fort_wayne\Fort_wayne__AEF64_plus_poi_finance.csv
Fort_wayne,poi_diversity,104,65,E:\3S\code\MLP_input\Fort_wayne\Fort_wayne__AEF64_plus_poi_diversity.csv
Fort_wayne,minor_ratio,104,65,E:\3S\code\MLP_input\Fort_wayne\Fort_wayne__AEF64_plus_minor_ratio.csv
Fort_wayne,elderly_ratio,104,65,E:\3S\code\MLP_input\Fort_wayne\Fort_wayne__AEF64_plus_elderly_ratio.csv
Fort_wayne,sex_ratio,104,65,E:\3S\code\MLP_input\Fort_wayne\Fort_wayne__AEF64_plus_sex_ratio.csv
Fort_wayne,fam_inc_lt10k,104,65,E:\3S\code\MLP_input\Fort_wayne\Fort_wayne__AEF64_plus_fam_inc_lt10k.csv
Fort_wayne,fam_inc_10to15k,104,65,E:\3S\code\MLP_input\Fort_wayne\Fort_wayne__AEF64_plus_fam_inc_10to15k.csv
Fort_wayne,fam_inc_15to25k,104,65,E:\3S\code\MLP_input\Fort_wayne\Fort_wayne__AEF64_plus_fam_inc_15to25k.csv
Fort_wayne,fam_inc_25to50k,104,65,E:\3S\code\MLP_input\Fort_wayne\Fort_wayne__AEF64_plus_fam_inc_25to50k.csv
Fort_wayne,fam_inc_50kplus,104,65,E:\3S\code\MLP_input\Fort_wayne\Fort_wayne__AEF64_plus_fam_inc_50kplus.csv
Fort_wayne,median_family_income,101,65,E:\3S\code\MLP_input\Fort_wayne\Fort_wayne__AEF64_plus_median_family_income.csv
Fort_wayne,persons_below_poverty,104,65,E:\3S\code\MLP_input\Fort_wayne\Fort_wayne__AEF64_plus_persons_below_poverty.csv
Fort_wayne,dist_water_m,104,65,E:\3S\code\MLP_input\Fort_wayne\Fort_wayne__AEF64_plus_dist_water_m.csv
Hartford,elev_mean,307,65,E:\3S\code\MLP_input\Hartford\Hartford__AEF64_plus_elev_mean.csv
Hartford,slope_mean,307,65,E:\3S\code\MLP_input\Hartford\Hartford__AEF64_plus_slope_mean.csv
Hartford,ndvi_mean,307,65,E:\3S\code\MLP_input\Hartford\Hartford__AEF64_plus_ndvi_mean.csv
Hartford,water_pct,307,65,E:\3S\code\MLP_input\Hartford\Hartford__AEF64_plus_water_pct.csv
Hartford,developed_pct,307,65,E:\3S\code\MLP_input\Hartford\Hartford__AEF64_plus_developed_pct.csv
Hartford,barren_pct,307,65,E:\3S\code\MLP_input\Hartford\Hartford__AEF64_plus_barren_pct.csv
Hartford,forest_pct,307,65,E:\3S\code\MLP_input\Hartford\Hartford__AEF64_plus_forest_pct.csv
Hartford,grassland_pct,307,65,E:\3S\code\MLP_input\Hartford\Hartford__AEF64_plus_grassland_pct.csv
Hartford,pasture_hay_pct,307,65,E:\3S\code\MLP_input\Hartford\Hartford__AEF64_plus_pasture_hay_pct.csv
Hartford,cultivated_crops_pct,307,65,E:\3S\code\MLP_input\Hartford\Hartford__AEF64_plus_cultivated_crops_pct.csv
Hartford,woody_wetlands_pct,307,65,E:\3S\code\MLP_input\Hartford\Hartford__AEF64_plus_woody_wetlands_pct.csv
Hartford,herbaceous_wetlands_pct,307,65,E:\3S\code\MLP_input\Hartford\Hartford__AEF64_plus_herbaceous_wetlands_pct.csv
Hartford,poi_edu,307,65,E:\3S\code\MLP_input\Hartford\Hartford__AEF64_plus_poi_edu.csv
Hartford,poi_comm,307,65,E:\3S\code\MLP_input\Hartford\Hartford__AEF64_plus_poi_comm.csv
Hartford,poi_med,307,65,E:\3S\code\MLP_input\Hartford\Hartford__AEF64_plus_poi_med.csv
Hartford,poi_trans,307,65,E:\3S\code\MLP_input\Hartford\Hartford__AEF64_plus_poi_trans.csv
Hartford,poi_pub,307,65,E:\3S\code\MLP_input\Hartford\Hartford__AEF64_plus_poi_pub.csv
Hartford,poi_food,307,65,E:\3S\code\MLP_input\Hartford\Hartford__AEF64_plus_poi_food.csv
Hartford,poi_finance,307,65,E:\3S\code\MLP_input\Hartford\Hartford__AEF64_plus_poi_finance.csv
Hartford,poi_diversity,307,65,E:\3S\code\MLP_input\Hartford\Hartford__AEF64_plus_poi_diversity.csv
Hartford,minor_ratio,304,65,E:\3S\code\MLP_input\Hartford\Hartford__AEF64_plus_minor_ratio.csv
Hartford,elderly_ratio,304,65,E:\3S\code\MLP_input\Hartford\Hartford__AEF64_plus_elderly_ratio.csv
Hartford,sex_ratio,302,65,E:\3S\code\MLP_input\Hartford\Hartford__AEF64_plus_sex_ratio.csv
Hartford,fam_inc_lt10k,307,65,E:\3S\code\MLP_input\Hartford\Hartford__AEF64_plus_fam_inc_lt10k.csv
Hartford,fam_inc_10to15k,307,65,E:\3S\code\MLP_input\Hartford\Hartford__AEF64_plus_fam_inc_10to15k.csv
Hartford,fam_inc_15to25k,307,65,E:\3S\code\MLP_input\Hartford\Hartford__AEF64_plus_fam_inc_15to25k.csv
Hartford,fam_inc_25to50k,307,65,E:\3S\code\MLP_input\Hartford\Hartford__AEF64_plus_fam_inc_25to50k.csv
Hartford,fam_inc_50kplus,307,65,E:\3S\code\MLP_input\Hartford\Hartford__AEF64_plus_fam_inc_50kplus.csv
Hartford,median_family_income,299,65,E:\3S\code\MLP_input\Hartford\Hartford__AEF64_plus_median_family_income.csv
Hartford,persons_below_poverty,307,65,E:\3S\code\MLP_input\Hartford\Hartford__AEF64_plus_persons_below_poverty.csv
Hartford,dist_water_m,307,65,E:\3S\code\MLP_input\Hartford\Hartford__AEF64_plus_dist_water_m.csv
Jackson_MS,elev_mean,160,65,E:\3S\code\MLP_input\Jackson_MS\Jackson_MS__AEF64_plus_elev_mean.csv
Jackson_MS,slope_mean,160,65,E:\3S\code\MLP_input\Jackson_MS\Jackson_MS__AEF64_plus_slope_mean.csv
Jackson_MS,ndvi_mean,160,65,E:\3S\code\MLP_input\Jackson_MS\Jackson_MS__AEF64_plus_ndvi_mean.csv
Jackson_MS,water_pct,160,65,E:\3S\code\MLP_input\Jackson_MS\Jackson_MS__AEF64_plus_water_pct.csv
Jackson_MS,developed_pct,160,65,E:\3S\code\MLP_input\Jackson_MS\Jackson_MS__AEF64_plus_developed_pct.csv
Jackson_MS,barren_pct,160,65,E:\3S\code\MLP_input\Jackson_MS\Jackson_MS__AEF64_plus_barren_pct.csv
Jackson_MS,forest_pct,160,65,E:\3S\code\MLP_input\Jackson_MS\Jackson_MS__AEF64_plus_forest_pct.csv
Jackson_MS,grassland_pct,160,65,E:\3S\code\MLP_input\Jackson_MS\Jackson_MS__AEF64_plus_grassland_pct.csv
Jackson_MS,pasture_hay_pct,160,65,E:\3S\code\MLP_input\Jackson_MS\Jackson_MS__AEF64_plus_pasture_hay_pct.csv
Jackson_MS,cultivated_crops_pct,160,65,E:\3S\code\MLP_input\Jackson_MS\Jackson_MS__AEF64_plus_cultivated_crops_pct.csv
Jackson_MS,woody_wetlands_pct,160,65,E:\3S\code\MLP_input\Jackson_MS\Jackson_MS__AEF64_plus_woody_wetlands_pct.csv
Jackson_MS,herbaceous_wetlands_pct,160,65,E:\3S\code\MLP_input\Jackson_MS\Jackson_MS__AEF64_plus_herbaceous_wetlands_pct.csv
Jackson_MS,poi_edu,160,65,E:\3S\code\MLP_input\Jackson_MS\Jackson_MS__AEF64_plus_poi_edu.csv
Jackson_MS,poi_comm,160,65,E:\3S\code\MLP_input\Jackson_MS\Jackson_MS__AEF64_plus_poi_comm.csv
Jackson_MS,poi_med,160,65,E:\3S\code\MLP_input\Jackson_MS\Jackson_MS__AEF64_plus_poi_med.csv
Jackson_MS,poi_trans,160,65,E:\3S\code\MLP_input\Jackson_MS\Jackson_MS__AEF64_plus_poi_trans.csv
Jackson_MS,poi_pub,160,65,E:\3S\code\MLP_input\Jackson_MS\Jackson_MS__AEF64_plus_poi_pub.csv
Jackson_MS,poi_food,160,65,E:\3S\code\MLP_input\Jackson_MS\Jackson_MS__AEF64_plus_poi_food.csv
Jackson_MS,poi_finance,160,65,E:\3S\code\MLP_input\Jackson_MS\Jackson_MS__AEF64_plus_poi_finance.csv
Jackson_MS,poi_diversity,160,65,E:\3S\code\MLP_input\Jackson_MS\Jackson_MS__AEF64_plus_poi_diversity.csv
Jackson_MS,minor_ratio,160,65,E:\3S\code\MLP_input\Jackson_MS\Jackson_MS__AEF64_plus_minor_ratio.csv
Jackson_MS,elderly_ratio,160,65,E:\3S\code\MLP_input\Jackson_MS\Jackson_MS__AEF64_plus_elderly_ratio.csv
Jackson_MS,sex_ratio,160,65,E:\3S\code\MLP_input\Jackson_MS\Jackson_MS__AEF64_plus_sex_ratio.csv
Jackson_MS,fam_inc_lt10k,160,65,E:\3S\code\MLP_input\Jackson_MS\Jackson_MS__AEF64_plus_fam_inc_lt10k.csv
Jackson_MS,fam_inc_10to15k,160,65,E:\3S\code\MLP_input\Jackson_MS\Jackson_MS__AEF64_plus_fam_inc_10to15k.csv
Jackson_MS,fam_inc_15to25k,160,65,E:\3S\code\MLP_input\Jackson_MS\Jackson_MS__AEF64_plus_fam_inc_15to25k.csv
Jackson_MS,fam_inc_25to50k,160,65,E:\3S\code\MLP_input\Jackson_MS\Jackson_MS__AEF64_plus_fam_inc_25to50k.csv
Jackson_MS,fam_inc_50kplus,160,65,E:\3S\code\MLP_input\Jackson_MS\Jackson_MS__AEF64_plus_fam_inc_50kplus.csv
Jackson_MS,median_family_income,158,65,E:\3S\code\MLP_input\Jackson_MS\Jackson_MS__AEF64_plus_median_family_income.csv
Jackson_MS,persons_below_poverty,160,65,E:\3S\code\MLP_input\Jackson_MS\Jackson_MS__AEF64_plus_persons_below_poverty.csv
Jackson_MS,dist_water_m,160,65,E:\3S\code\MLP_input\Jackson_MS\Jackson_MS__AEF64_plus_dist_water_m.csv
Knoxvile,elev_mean,225,65,E:\3S\code\MLP_input\Knoxvile\Knoxvile__AEF64_plus_elev_mean.csv
Knoxvile,slope_mean,225,65,E:\3S\code\MLP_input\Knoxvile\Knoxvile__AEF64_plus_slope_mean.csv
Knoxvile,ndvi_mean,225,65,E:\3S\code\MLP_input\Knoxvile\Knoxvile__AEF64_plus_ndvi_mean.csv
Knoxvile,water_pct,225,65,E:\3S\code\MLP_input\Knoxvile\Knoxvile__AEF64_plus_water_pct.csv
Knoxvile,developed_pct,225,65,E:\3S\code\MLP_input\Knoxvile\Knoxvile__AEF64_plus_developed_pct.csv
Knoxvile,barren_pct,225,65,E:\3S\code\MLP_input\Knoxvile\Knoxvile__AEF64_plus_barren_pct.csv
Knoxvile,forest_pct,225,65,E:\3S\code\MLP_input\Knoxvile\Knoxvile__AEF64_plus_forest_pct.csv
Knoxvile,grassland_pct,225,65,E:\3S\code\MLP_input\Knoxvile\Knoxvile__AEF64_plus_grassland_pct.csv
Knoxvile,pasture_hay_pct,225,65,E:\3S\code\MLP_input\Knoxvile\Knoxvile__AEF64_plus_pasture_hay_pct.csv
Knoxvile,cultivated_crops_pct,225,65,E:\3S\code\MLP_input\Knoxvile\Knoxvile__AEF64_plus_cultivated_crops_pct.csv
Knoxvile,woody_wetlands_pct,225,65,E:\3S\code\MLP_input\Knoxvile\Knoxvile__AEF64_plus_woody_wetlands_pct.csv
Knoxvile,herbaceous_wetlands_pct,225,65,E:\3S\code\MLP_input\Knoxvile\Knoxvile__AEF64_plus_herbaceous_wetlands_pct.csv
Knoxvile,poi_edu,225,65,E:\3S\code\MLP_input\Knoxvile\Knoxvile__AEF64_plus_poi_edu.csv
Knoxvile,poi_comm,225,65,E:\3S\code\MLP_input\Knoxvile\Knoxvile__AEF64_plus_poi_comm.csv
Knoxvile,poi_med,225,65,E:\3S\code\MLP_input\Knoxvile\Knoxvile__AEF64_plus_poi_med.csv
Knoxvile,poi_trans,225,65,E:\3S\code\MLP_input\Knoxvile\Knoxvile__AEF64_plus_poi_trans.csv
Knoxvile,poi_pub,225,65,E:\3S\code\MLP_input\Knoxvile\Knoxvile__AEF64_plus_poi_pub.csv
Knoxvile,poi_food,225,65,E:\3S\code\MLP_input\Knoxvile\Knoxvile__AEF64_plus_poi_food.csv
Knoxvile,poi_finance,225,65,E:\3S\code\MLP_input\Knoxvile\Knoxvile__AEF64_plus_poi_finance.csv
Knoxvile,poi_diversity,225,65,E:\3S\code\MLP_input\Knoxvile\Knoxvile__AEF64_plus_poi_diversity.csv
Knoxvile,minor_ratio,223,65,E:\3S\code\MLP_input\Knoxvile\Knoxvile__AEF64_plus_minor_ratio.csv
Knoxvile,elderly_ratio,223,65,E:\3S\code\MLP_input\Knoxvile\Knoxvile__AEF64_plus_elderly_ratio.csv
Knoxvile,sex_ratio,223,65,E:\3S\code\MLP_input\Knoxvile\Knoxvile__AEF64_plus_sex_ratio.csv
Knoxvile,fam_inc_lt10k,225,65,E:\3S\code\MLP_input\Knoxvile\Knoxvile__AEF64_plus_fam_inc_lt10k.csv
Knoxvile,fam_inc_10to15k,225,65,E:\3S\code\MLP_input\Knoxvile\Knoxvile__AEF64_plus_fam_inc_10to15k.csv
Knoxvile,fam_inc_15to25k,225,65,E:\3S\code\MLP_input\Knoxvile\Knoxvile__AEF64_plus_fam_inc_15to25k.csv
Knoxvile,fam_inc_25to50k,225,65,E:\3S\code\MLP_input\Knoxvile\Knoxvile__AEF64_plus_fam_inc_25to50k.csv
Knoxvile,fam_inc_50kplus,225,65,E:\3S\code\MLP_input\Knoxvile\Knoxvile__AEF64_plus_fam_inc_50kplus.csv
Knoxvile,median_family_income,217,65,E:\3S\code\MLP_input\Knoxvile\Knoxvile__AEF64_plus_median_family_income.csv
Knoxvile,persons_below_poverty,225,65,E:\3S\code\MLP_input\Knoxvile\Knoxvile__AEF64_plus_persons_below_poverty.csv
Knoxvile,dist_water_m,225,65,E:\3S\code\MLP_input\Knoxvile\Knoxvile__AEF64_plus_dist_water_m.csv
Lansing_east,elev_mean,154,65,E:\3S\code\MLP_input\Lansing_east\Lansing_east__AEF64_plus_elev_mean.csv
Lansing_east,slope_mean,154,65,E:\3S\code\MLP_input\Lansing_east\Lansing_east__AEF64_plus_slope_mean.csv
Lansing_east,ndvi_mean,154,65,E:\3S\code\MLP_input\Lansing_east\Lansing_east__AEF64_plus_ndvi_mean.csv
Lansing_east,water_pct,154,65,E:\3S\code\MLP_input\Lansing_east\Lansing_east__AEF64_plus_water_pct.csv
Lansing_east,developed_pct,154,65,E:\3S\code\MLP_input\Lansing_east\Lansing_east__AEF64_plus_developed_pct.csv
Lansing_east,barren_pct,154,65,E:\3S\code\MLP_input\Lansing_east\Lansing_east__AEF64_plus_barren_pct.csv
Lansing_east,forest_pct,154,65,E:\3S\code\MLP_input\Lansing_east\Lansing_east__AEF64_plus_forest_pct.csv
Lansing_east,grassland_pct,154,65,E:\3S\code\MLP_input\Lansing_east\Lansing_east__AEF64_plus_grassland_pct.csv
Lansing_east,pasture_hay_pct,154,65,E:\3S\code\MLP_input\Lansing_east\Lansing_east__AEF64_plus_pasture_hay_pct.csv
Lansing_east,cultivated_crops_pct,154,65,E:\3S\code\MLP_input\Lansing_east\Lansing_east__AEF64_plus_cultivated_crops_pct.csv
Lansing_east,woody_wetlands_pct,154,65,E:\3S\code\MLP_input\Lansing_east\Lansing_east__AEF64_plus_woody_wetlands_pct.csv
Lansing_east,herbaceous_wetlands_pct,154,65,E:\3S\code\MLP_input\Lansing_east\Lansing_east__AEF64_plus_herbaceous_wetlands_pct.csv
Lansing_east,poi_edu,154,65,E:\3S\code\MLP_input\Lansing_east\Lansing_east__AEF64_plus_poi_edu.csv
Lansing_east,poi_comm,154,65,E:\3S\code\MLP_input\Lansing_east\Lansing_east__AEF64_plus_poi_comm.csv
Lansing_east,poi_med,154,65,E:\3S\code\MLP_input\Lansing_east\Lansing_east__AEF64_plus_poi_med.csv
Lansing_east,poi_trans,154,65,E:\3S\code\MLP_input\Lansing_east\Lansing_east__AEF64_plus_poi_trans.csv
Lansing_east,poi_pub,154,65,E:\3S\code\MLP_input\Lansing_east\Lansing_east__AEF64_plus_poi_pub.csv
Lansing_east,poi_food,154,65,E:\3S\code\MLP_input\Lansing_east\Lansing_east__AEF64_plus_poi_food.csv
Lansing_east,poi_finance,154,65,E:\3S\code\MLP_input\Lansing_east\Lansing_east__AEF64_plus_poi_finance.csv
Lansing_east,poi_diversity,154,65,E:\3S\code\MLP_input\Lansing_east\Lansing_east__AEF64_plus_poi_diversity.csv
Lansing_east,minor_ratio,152,65,E:\3S\code\MLP_input\Lansing_east\Lansing_east__AEF64_plus_minor_ratio.csv
Lansing_east,elderly_ratio,152,65,E:\3S\code\MLP_input\Lansing_east\Lansing_east__AEF64_plus_elderly_ratio.csv
Lansing_east,sex_ratio,152,65,E:\3S\code\MLP_input\Lansing_east\Lansing_east__AEF64_plus_sex_ratio.csv
Lansing_east,fam_inc_lt10k,154,65,E:\3S\code\MLP_input\Lansing_east\Lansing_east__AEF64_plus_fam_inc_lt10k.csv
Lansing_east,fam_inc_10to15k,154,65,E:\3S\code\MLP_input\Lansing_east\Lansing_east__AEF64_plus_fam_inc_10to15k.csv
Lansing_east,fam_inc_15to25k,154,65,E:\3S\code\MLP_input\Lansing_east\Lansing_east__AEF64_plus_fam_inc_15to25k.csv
Lansing_east,fam_inc_25to50k,154,65,E:\3S\code\MLP_input\Lansing_east\Lansing_east__AEF64_plus_fam_inc_25to50k.csv
Lansing_east,fam_inc_50kplus,154,65,E:\3S\code\MLP_input\Lansing_east\Lansing_east__AEF64_plus_fam_inc_50kplus.csv
Lansing_east,median_family_income,142,65,E:\3S\code\MLP_input\Lansing_east\Lansing_east__AEF64_plus_median_family_income.csv
Lansing_east,persons_below_poverty,154,65,E:\3S\code\MLP_input\Lansing_east\Lansing_east__AEF64_plus_persons_below_poverty.csv
Lansing_east,dist_water_m,154,65,E:\3S\code\MLP_input\Lansing_east\Lansing_east__AEF64_plus_dist_water_m.csv
Modesto,elev_mean,112,65,E:\3S\code\MLP_input\Modesto\Modesto__AEF64_plus_elev_mean.csv
Modesto,slope_mean,112,65,E:\3S\code\MLP_input\Modesto\Modesto__AEF64_plus_slope_mean.csv
Modesto,ndvi_mean,112,65,E:\3S\code\MLP_input\Modesto\Modesto__AEF64_plus_ndvi_mean.csv
Modesto,water_pct,112,65,E:\3S\code\MLP_input\Modesto\Modesto__AEF64_plus_water_pct.csv
Modesto,developed_pct,112,65,E:\3S\code\MLP_input\Modesto\Modesto__AEF64_plus_developed_pct.csv
Modesto,barren_pct,112,65,E:\3S\code\MLP_input\Modesto\Modesto__AEF64_plus_barren_pct.csv
Modesto,forest_pct,112,65,E:\3S\code\MLP_input\Modesto\Modesto__AEF64_plus_forest_pct.csv
Modesto,grassland_pct,112,65,E:\3S\code\MLP_input\Modesto\Modesto__AEF64_plus_grassland_pct.csv
Modesto,pasture_hay_pct,112,65,E:\3S\code\MLP_input\Modesto\Modesto__AEF64_plus_pasture_hay_pct.csv
Modesto,cultivated_crops_pct,112,65,E:\3S\code\MLP_input\Modesto\Modesto__AEF64_plus_cultivated_crops_pct.csv
Modesto,woody_wetlands_pct,112,65,E:\3S\code\MLP_input\Modesto\Modesto__AEF64_plus_woody_wetlands_pct.csv
Modesto,herbaceous_wetlands_pct,112,65,E:\3S\code\MLP_input\Modesto\Modesto__AEF64_plus_herbaceous_wetlands_pct.csv
Modesto,poi_edu,112,65,E:\3S\code\MLP_input\Modesto\Modesto__AEF64_plus_poi_edu.csv
Modesto,poi_comm,112,65,E:\3S\code\MLP_input\Modesto\Modesto__AEF64_plus_poi_comm.csv
Modesto,poi_med,112,65,E:\3S\code\MLP_input\Modesto\Modesto__AEF64_plus_poi_med.csv
Modesto,poi_trans,112,65,E:\3S\code\MLP_input\Modesto\Modesto__AEF64_plus_poi_trans.csv
Modesto,poi_pub,112,65,E:\3S\code\MLP_input\Modesto\Modesto__AEF64_plus_poi_pub.csv
Modesto,poi_food,112,65,E:\3S\code\MLP_input\Modesto\Modesto__AEF64_plus_poi_food.csv
Modesto,poi_finance,112,65,E:\3S\code\MLP_input\Modesto\Modesto__AEF64_plus_poi_finance.csv
Modesto,poi_diversity,112,65,E:\3S\code\MLP_input\Modesto\Modesto__AEF64_plus_poi_diversity.csv
Modesto,minor_ratio,112,65,E:\3S\code\MLP_input\Modesto\Modesto__AEF64_plus_minor_ratio.csv
Modesto,elderly_ratio,112,65,E:\3S\code\MLP_input\Modesto\Modesto__AEF64_plus_elderly_ratio.csv
Modesto,sex_ratio,112,65,E:\3S\code\MLP_input\Modesto\Modesto__AEF64_plus_sex_ratio.csv
Modesto,fam_inc_lt10k,112,65,E:\3S\code\MLP_input\Modesto\Modesto__AEF64_plus_fam_inc_lt10k.csv
Modesto,fam_inc_10to15k,112,65,E:\3S\code\MLP_input\Modesto\Modesto__AEF64_plus_fam_inc_10to15k.csv
Modesto,fam_inc_15to25k,112,65,E:\3S\code\MLP_input\Modesto\Modesto__AEF64_plus_fam_inc_15to25k.csv
Modesto,fam_inc_25to50k,112,65,E:\3S\code\MLP_input\Modesto\Modesto__AEF64_plus_fam_inc_25to50k.csv
Modesto,fam_inc_50kplus,112,65,E:\3S\code\MLP_input\Modesto\Modesto__AEF64_plus_fam_inc_50kplus.csv
Modesto,median_family_income,112,65,E:\3S\code\MLP_input\Modesto\Modesto__AEF64_plus_median_family_income.csv
Modesto,persons_below_poverty,112,65,E:\3S\code\MLP_input\Modesto\Modesto__AEF64_plus_persons_below_poverty.csv
Modesto,dist_water_m,112,65,E:\3S\code\MLP_input\Modesto\Modesto__AEF64_plus_dist_water_m.csv
Montgomery,elev_mean,112,65,E:\3S\code\MLP_input\Montgomery\Montgomery__AEF64_plus_elev_mean.csv
Montgomery,slope_mean,112,65,E:\3S\code\MLP_input\Montgomery\Montgomery__AEF64_plus_slope_mean.csv
Montgomery,ndvi_mean,112,65,E:\3S\code\MLP_input\Montgomery\Montgomery__AEF64_plus_ndvi_mean.csv
Montgomery,water_pct,112,65,E:\3S\code\MLP_input\Montgomery\Montgomery__AEF64_plus_water_pct.csv
Montgomery,developed_pct,112,65,E:\3S\code\MLP_input\Montgomery\Montgomery__AEF64_plus_developed_pct.csv
Montgomery,barren_pct,112,65,E:\3S\code\MLP_input\Montgomery\Montgomery__AEF64_plus_barren_pct.csv
Montgomery,forest_pct,112,65,E:\3S\code\MLP_input\Montgomery\Montgomery__AEF64_plus_forest_pct.csv
Montgomery,grassland_pct,112,65,E:\3S\code\MLP_input\Montgomery\Montgomery__AEF64_plus_grassland_pct.csv
Montgomery,pasture_hay_pct,112,65,E:\3S\code\MLP_input\Montgomery\Montgomery__AEF64_plus_pasture_hay_pct.csv
Montgomery,cultivated_crops_pct,112,65,E:\3S\code\MLP_input\Montgomery\Montgomery__AEF64_plus_cultivated_crops_pct.csv
Montgomery,woody_wetlands_pct,112,65,E:\3S\code\MLP_input\Montgomery\Montgomery__AEF64_plus_woody_wetlands_pct.csv
Montgomery,herbaceous_wetlands_pct,112,65,E:\3S\code\MLP_input\Montgomery\Montgomery__AEF64_plus_herbaceous_wetlands_pct.csv
Montgomery,poi_edu,112,65,E:\3S\code\MLP_input\Montgomery\Montgomery__AEF64_plus_poi_edu.csv
Montgomery,poi_comm,112,65,E:\3S\code\MLP_input\Montgomery\Montgomery__AEF64_plus_poi_comm.csv
Montgomery,poi_med,112,65,E:\3S\code\MLP_input\Montgomery\Montgomery__AEF64_plus_poi_med.csv
Montgomery,poi_trans,112,65,E:\3S\code\MLP_input\Montgomery\Montgomery__AEF64_plus_poi_trans.csv
Montgomery,poi_pub,112,65,E:\3S\code\MLP_input\Montgomery\Montgomery__AEF64_plus_poi_pub.csv
Montgomery,poi_food,112,65,E:\3S\code\MLP_input\Montgomery\Montgomery__AEF64_plus_poi_food.csv
Montgomery,poi_finance,112,65,E:\3S\code\MLP_input\Montgomery\Montgomery__AEF64_plus_poi_finance.csv
Montgomery,poi_diversity,112,65,E:\3S\code\MLP_input\Montgomery\Montgomery__AEF64_plus_poi_diversity.csv
Montgomery,minor_ratio,112,65,E:\3S\code\MLP_input\Montgomery\Montgomery__AEF64_plus_minor_ratio.csv
Montgomery,elderly_ratio,112,65,E:\3S\code\MLP_input\Montgomery\Montgomery__AEF64_plus_elderly_ratio.csv
Montgomery,sex_ratio,112,65,E:\3S\code\MLP_input\Montgomery\Montgomery__AEF64_plus_sex_ratio.csv
Montgomery,fam_inc_lt10k,112,65,E:\3S\code\MLP_input\Montgomery\Montgomery__AEF64_plus_fam_inc_lt10k.csv
Montgomery,fam_inc_10to15k,112,65,E:\3S\code\MLP_input\Montgomery\Montgomery__AEF64_plus_fam_inc_10to15k.csv
Montgomery,fam_inc_15to25k,112,65,E:\3S\code\MLP_input\Montgomery\Montgomery__AEF64_plus_fam_inc_15to25k.csv
Montgomery,fam_inc_25to50k,112,65,E:\3S\code\MLP_input\Montgomery\Montgomery__AEF64_plus_fam_inc_25to50k.csv
Montgomery,fam_inc_50kplus,112,65,E:\3S\code\MLP_input\Montgomery\Montgomery__AEF64_plus_fam_inc_50kplus.csv
Montgomery,median_family_income,110,65,E:\3S\code\MLP_input\Montgomery\Montgomery__AEF64_plus_median_family_income.csv
Montgomery,persons_below_poverty,112,65,E:\3S\code\MLP_input\Montgomery\Montgomery__AEF64_plus_persons_below_poverty.csv
Montgomery,dist_water_m,112,65,E:\3S\code\MLP_input\Montgomery\Montgomery__AEF64_plus_dist_water_m.csv
newyork,elev_mean,4959,65,E:\3S\code\MLP_input\newyork\newyork__AEF64_plus_elev_mean.csv
newyork,slope_mean,4959,65,E:\3S\code\MLP_input\newyork\newyork__AEF64_plus_slope_mean.csv
newyork,ndvi_mean,4959,65,E:\3S\code\MLP_input\newyork\newyork__AEF64_plus_ndvi_mean.csv
newyork,water_pct,4959,65,E:\3S\code\MLP_input\newyork\newyork__AEF64_plus_water_pct.csv
newyork,developed_pct,4959,65,E:\3S\code\MLP_input\newyork\newyork__AEF64_plus_developed_pct.csv
newyork,barren_pct,4959,65,E:\3S\code\MLP_input\newyork\newyork__AEF64_plus_barren_pct.csv
newyork,forest_pct,4959,65,E:\3S\code\MLP_input\newyork\newyork__AEF64_plus_forest_pct.csv
newyork,grassland_pct,4959,65,E:\3S\code\MLP_input\newyork\newyork__AEF64_plus_grassland_pct.csv
newyork,pasture_hay_pct,4959,65,E:\3S\code\MLP_input\newyork\newyork__AEF64_plus_pasture_hay_pct.csv
newyork,cultivated_crops_pct,4959,65,E:\3S\code\MLP_input\newyork\newyork__AEF64_plus_cultivated_crops_pct.csv
newyork,woody_wetlands_pct,4959,65,E:\3S\code\MLP_input\newyork\newyork__AEF64_plus_woody_wetlands_pct.csv
newyork,herbaceous_wetlands_pct,4959,65,E:\3S\code\MLP_input\newyork\newyork__AEF64_plus_herbaceous_wetlands_pct.csv
newyork,poi_edu,4959,65,E:\3S\code\MLP_input\newyork\newyork__AEF64_plus_poi_edu.csv
newyork,poi_comm,4959,65,E:\3S\code\MLP_input\newyork\newyork__AEF64_plus_poi_comm.csv
newyork,poi_med,4959,65,E:\3S\code\MLP_input\newyork\newyork__AEF64_plus_poi_med.csv
newyork,poi_trans,4959,65,E:\3S\code\MLP_input\newyork\newyork__AEF64_plus_poi_trans.csv
newyork,poi_pub,4959,65,E:\3S\code\MLP_input\newyork\newyork__AEF64_plus_poi_pub.csv
newyork,poi_food,4959,65,E:\3S\code\MLP_input\newyork\newyork__AEF64_plus_poi_food.csv
newyork,poi_finance,4959,65,E:\3S\code\MLP_input\newyork\newyork__AEF64_plus_poi_finance.csv
newyork,poi_diversity,4959,65,E:\3S\code\MLP_input\newyork\newyork__AEF64_plus_poi_diversity.csv
newyork,minor_ratio,4870,65,E:\3S\code\MLP_input\newyork\newyork__AEF64_plus_minor_ratio.csv
newyork,elderly_ratio,4870,65,E:\3S\code\MLP_input\newyork\newyork__AEF64_plus_elderly_ratio.csv
newyork,sex_ratio,4864,65,E:\3S\code\MLP_input\newyork\newyork__AEF64_plus_sex_ratio.csv
newyork,fam_inc_lt10k,4959,65,E:\3S\code\MLP_input\newyork\newyork__AEF64_plus_fam_inc_lt10k.csv
newyork,fam_inc_10to15k,4959,65,E:\3S\code\MLP_input\newyork\newyork__AEF64_plus_fam_inc_10to15k.csv
newyork,fam_inc_15to25k,4959,65,E:\3S\code\MLP_input\newyork\newyork__AEF64_plus_fam_inc_15to25k.csv
newyork,fam_inc_25to50k,4959,65,E:\3S\code\MLP_input\newyork\newyork__AEF64_plus_fam_inc_25to50k.csv
newyork,fam_inc_50kplus,4959,65,E:\3S\code\MLP_input\newyork\newyork__AEF64_plus_fam_inc_50kplus.csv
newyork,median_family_income,4774,65,E:\3S\code\MLP_input\newyork\newyork__AEF64_plus_median_family_income.csv
newyork,persons_below_poverty,4959,65,E:\3S\code\MLP_input\newyork\newyork__AEF64_plus_persons_below_poverty.csv
newyork,dist_water_m,4959,65,E:\3S\code\MLP_input\newyork\newyork__AEF64_plus_dist_water_m.csv
Oklahoma,elev_mean,419,65,E:\3S\code\MLP_input\Oklahoma\Oklahoma__AEF64_plus_elev_mean.csv
Oklahoma,slope_mean,419,65,E:\3S\code\MLP_input\Oklahoma\Oklahoma__AEF64_plus_slope_mean.csv
Oklahoma,ndvi_mean,419,65,E:\3S\code\MLP_input\Oklahoma\Oklahoma__AEF64_plus_ndvi_mean.csv
Oklahoma,water_pct,419,65,E:\3S\code\MLP_input\Oklahoma\Oklahoma__AEF64_plus_water_pct.csv
Oklahoma,developed_pct,419,65,E:\3S\code\MLP_input\Oklahoma\Oklahoma__AEF64_plus_developed_pct.csv
Oklahoma,barren_pct,419,65,E:\3S\code\MLP_input\Oklahoma\Oklahoma__AEF64_plus_barren_pct.csv
Oklahoma,forest_pct,419,65,E:\3S\code\MLP_input\Oklahoma\Oklahoma__AEF64_plus_forest_pct.csv
Oklahoma,grassland_pct,419,65,E:\3S\code\MLP_input\Oklahoma\Oklahoma__AEF64_plus_grassland_pct.csv
Oklahoma,pasture_hay_pct,419,65,E:\3S\code\MLP_input\Oklahoma\Oklahoma__AEF64_plus_pasture_hay_pct.csv
Oklahoma,cultivated_crops_pct,419,65,E:\3S\code\MLP_input\Oklahoma\Oklahoma__AEF64_plus_cultivated_crops_pct.csv
Oklahoma,woody_wetlands_pct,419,65,E:\3S\code\MLP_input\Oklahoma\Oklahoma__AEF64_plus_woody_wetlands_pct.csv
Oklahoma,herbaceous_wetlands_pct,419,65,E:\3S\code\MLP_input\Oklahoma\Oklahoma__AEF64_plus_herbaceous_wetlands_pct.csv
Oklahoma,poi_edu,419,65,E:\3S\code\MLP_input\Oklahoma\Oklahoma__AEF64_plus_poi_edu.csv
Oklahoma,poi_comm,419,65,E:\3S\code\MLP_input\Oklahoma\Oklahoma__AEF64_plus_poi_comm.csv
Oklahoma,poi_med,419,65,E:\3S\code\MLP_input\Oklahoma\Oklahoma__AEF64_plus_poi_med.csv
Oklahoma,poi_trans,419,65,E:\3S\code\MLP_input\Oklahoma\Oklahoma__AEF64_plus_poi_trans.csv
Oklahoma,poi_pub,419,65,E:\3S\code\MLP_input\Oklahoma\Oklahoma__AEF64_plus_poi_pub.csv
Oklahoma,poi_food,419,65,E:\3S\code\MLP_input\Oklahoma\Oklahoma__AEF64_plus_poi_food.csv
Oklahoma,poi_finance,419,65,E:\3S\code\MLP_input\Oklahoma\Oklahoma__AEF64_plus_poi_finance.csv
Oklahoma,poi_diversity,419,65,E:\3S\code\MLP_input\Oklahoma\Oklahoma__AEF64_plus_poi_diversity.csv
Oklahoma,minor_ratio,413,65,E:\3S\code\MLP_input\Oklahoma\Oklahoma__AEF64_plus_minor_ratio.csv
Oklahoma,elderly_ratio,413,65,E:\3S\code\MLP_input\Oklahoma\Oklahoma__AEF64_plus_elderly_ratio.csv
Oklahoma,sex_ratio,413,65,E:\3S\code\MLP_input\Oklahoma\Oklahoma__AEF64_plus_sex_ratio.csv
Oklahoma,fam_inc_lt10k,419,65,E:\3S\code\MLP_input\Oklahoma\Oklahoma__AEF64_plus_fam_inc_lt10k.csv
Oklahoma,fam_inc_10to15k,419,65,E:\3S\code\MLP_input\Oklahoma\Oklahoma__AEF64_plus_fam_inc_10to15k.csv
Oklahoma,fam_inc_15to25k,419,65,E:\3S\code\MLP_input\Oklahoma\Oklahoma__AEF64_plus_fam_inc_15to25k.csv
Oklahoma,fam_inc_25to50k,419,65,E:\3S\code\MLP_input\Oklahoma\Oklahoma__AEF64_plus_fam_inc_25to50k.csv
Oklahoma,fam_inc_50kplus,419,65,E:\3S\code\MLP_input\Oklahoma\Oklahoma__AEF64_plus_fam_inc_50kplus.csv
Oklahoma,median_family_income,400,65,E:\3S\code\MLP_input\Oklahoma\Oklahoma__AEF64_plus_median_family_income.csv
Oklahoma,persons_below_poverty,419,65,E:\3S\code\MLP_input\Oklahoma\Oklahoma__AEF64_plus_persons_below_poverty.csv
Oklahoma,dist_water_m,419,65,E:\3S\code\MLP_input\Oklahoma\Oklahoma__AEF64_plus_dist_water_m.csv
